{"cameraMode":{"drawMode":0,"name":"Shaded","section":"Shading Mode"},"sceneLighting":true,"audioPlay":false,"sceneViewState":{"m_AlwaysRefresh":false,"showFog":true,"showSkybox":true,"showFlares":true,"showImageEffects":true,"showParticleSystems":true,"showVisualEffectGraphs":true,"m_FxEnabled":true},"in2DMode":false,"pivot":{"x":0.24425005912780763,"y":-0.2164076566696167,"z":-1.1095948219299317},"rotation":{"x":0.16711600124835969,"y":0.7837938666343689,"z":-0.23886366188526154,"w":0.5483766198158264},"size":1.4714806079864503,"orthographic":false}